{
  "BR": {
    "n": 147,
    "media_ft": 10.08843537414966,
    "std_ft": 3.6550685524863296,
    "min_ft": 2,
    "max_ft": 24,
    "media_ht": 4.605442176870748,
    "over_pcts": {
      "6.5": 83.6734693877551,
      "7.5": 77.55102040816327,
      "8.5": 68.70748299319727,
      "9.5": 55.78231292517007,
      "10.5": 36.054421768707485,
      "11.5": 25.85034013605442,
      "12.5": 20.408163265306122
    },
    "under_pcts": {
      "6.5": 16.3265306122449,
      "7.5": 22.448979591836736,
      "8.5": 31.292517006802722,
      "9.5": 44.21768707482993,
      "10.5": 63.945578231292515,
      "11.5": 74.14965986394557,
      "12.5": 79.59183673469387
    },
    "over_ht_pcts": {
      "2.5": 87.07482993197279,
      "3.5": 63.945578231292515,
      "4.5": 44.21768707482993,
      "5.5": 29.931972789115648
    },
    "dom_60": 76.87074829931973,
    "dom_67": 47.61904761904762,
    "dom_75": 36.734693877551024
  },
  "BR_B": {
    "n": 77,
    "media_ft": 10.38961038961039,
    "std_ft": 4.042488124634891,
    "min_ft": 1,
    "max_ft": 20,
    "media_ht": 4.8311688311688314,
    "over_pcts": {
      "6.5": 84.41558441558442,
      "7.5": 72.72727272727273,
      "8.5": 64.93506493506493,
      "9.5": 55.84415584415584,
      "10.5": 46.753246753246756,
      "11.5": 38.96103896103896,
      "12.5": 24.675324675324674
    },
    "under_pcts": {
      "6.5": 15.584415584415584,
      "7.5": 27.272727272727273,
      "8.5": 35.064935064935064,
      "9.5": 44.15584415584416,
      "10.5": 53.246753246753244,
      "11.5": 61.03896103896104,
      "12.5": 75.32467532467533
    },
    "over_ht_pcts": {
      "2.5": 88.31168831168831,
      "3.5": 75.32467532467533,
      "4.5": 53.246753246753244,
      "5.5": 32.467532467532465
    },
    "dom_60": 63.63636363636363,
    "dom_67": 40.25974025974026,
    "dom_75": 28.571428571428573
  },
  "ARG": {
    "n": 249,
    "media_ft": 8.570281124497992,
    "std_ft": 3.2332485065186005,
    "min_ft": 2,
    "max_ft": 19,
    "media_ht": 4.100401606425703,
    "over_pcts": {
      "6.5": 72.28915662650603,
      "7.5": 61.04417670682731,
      "8.5": 51.00401606425703,
      "9.5": 36.94779116465863,
      "10.5": 29.718875502008032,
      "11.5": 16.867469879518072,
      "12.5": 9.63855421686747
    },
    "under_pcts": {
      "6.5": 27.710843373493976,
      "7.5": 38.95582329317269,
      "8.5": 48.99598393574297,
      "9.5": 63.05220883534137,
      "10.5": 70.28112449799197,
      "11.5": 83.13253012048193,
      "12.5": 90.36144578313252
    },
    "over_ht_pcts": {
      "2.5": 72.28915662650603,
      "3.5": 55.42168674698795,
      "4.5": 38.15261044176707,
      "5.5": 23.694779116465863
    },
    "dom_60": 74.29718875502007,
    "dom_67": 45.381526104417674,
    "dom_75": 37.34939759036145
  },
  "ARG_B": {
    "n": 216,
    "media_ft": 8.601851851851851,
    "std_ft": 3.1635651911716436,
    "min_ft": 1,
    "max_ft": 20,
    "media_ht": 4.12037037037037,
    "over_pcts": {
      "6.5": 71.29629629629629,
      "7.5": 58.7962962962963,
      "8.5": 48.148148148148145,
      "9.5": 41.2037037037037,
      "10.5": 27.314814814814813,
      "11.5": 14.814814814814815,
      "12.5": 11.11111111111111
    },
    "under_pcts": {
      "6.5": 28.703703703703702,
      "7.5": 41.2037037037037,
      "8.5": 51.851851851851855,
      "9.5": 58.7962962962963,
      "10.5": 72.68518518518519,
      "11.5": 85.18518518518519,
      "12.5": 88.88888888888889
    },
    "over_ht_pcts": {
      "2.5": 79.62962962962963,
      "3.5": 60.18518518518518,
      "4.5": 40.74074074074074,
      "5.5": 25
    },
    "dom_60": 78.70370370370371,
    "dom_67": 47.68518518518518,
    "dom_75": 36.574074074074076
  },
  "MLS": {
    "n": 177,
    "media_ft": 10.163841807909604,
    "std_ft": 3.4117184128599436,
    "min_ft": 3,
    "max_ft": 18,
    "media_ht": 4.711864406779661,
    "over_pcts": {
      "6.5": 85.31073446327683,
      "7.5": 76.27118644067797,
      "8.5": 66.66666666666667,
      "9.5": 55.367231638418076,
      "10.5": 44.067796610169495,
      "11.5": 33.898305084745765,
      "12.5": 23.728813559322035
    },
    "under_pcts": {
      "6.5": 14.689265536723164,
      "7.5": 23.728813559322035,
      "8.5": 33.333333333333336,
      "9.5": 44.632768361581924,
      "10.5": 55.932203389830505,
      "11.5": 66.10169491525424,
      "12.5": 76.27118644067797
    },
    "over_ht_pcts": {
      "2.5": 82.48587570621469,
      "3.5": 67.79661016949153,
      "4.5": 55.932203389830505,
      "5.5": 33.898305084745765
    },
    "dom_60": 75.14124293785311,
    "dom_67": 41.24293785310734,
    "dom_75": 29.37853107344633
  },
  "USL": {
    "n": 106,
    "media_ft": 9.150943396226415,
    "std_ft": 3.1044473662193406,
    "min_ft": 2,
    "max_ft": 19,
    "media_ht": 4.349056603773585,
    "over_pcts": {
      "6.5": 77.35849056603773,
      "7.5": 65.09433962264151,
      "8.5": 55.660377358490564,
      "9.5": 44.339622641509436,
      "10.5": 34.905660377358494,
      "11.5": 23.58490566037736,
      "12.5": 11.320754716981131
    },
    "under_pcts": {
      "6.5": 22.641509433962263,
      "7.5": 34.905660377358494,
      "8.5": 44.339622641509436,
      "9.5": 55.660377358490564,
      "10.5": 65.09433962264151,
      "11.5": 76.41509433962264,
      "12.5": 88.67924528301887
    },
    "over_ht_pcts": {
      "2.5": 77.35849056603773,
      "3.5": 61.320754716981135,
      "4.5": 45.283018867924525,
      "5.5": 30.18867924528302
    },
    "dom_60": 74.52830188679245,
    "dom_67": 51.886792452830186,
    "dom_75": 40.56603773584906
  },
  "BUN": {
    "n": 297,
    "media_ft": 9.713804713804715,
    "std_ft": 3.5298979872295386,
    "min_ft": 1,
    "max_ft": 20,
    "media_ht": 4.380471380471381,
    "over_pcts": {
      "6.5": 82.82828282828282,
      "7.5": 72.39057239057239,
      "8.5": 60.26936026936027,
      "9.5": 51.515151515151516,
      "10.5": 37.71043771043771,
      "11.5": 30.976430976430976,
      "12.5": 22.895622895622896
    },
    "under_pcts": {
      "6.5": 17.171717171717173,
      "7.5": 27.60942760942761,
      "8.5": 39.73063973063973,
      "9.5": 48.484848484848484,
      "10.5": 62.28956228956229,
      "11.5": 69.02356902356902,
      "12.5": 77.10437710437711
    },
    "over_ht_pcts": {
      "2.5": 79.46127946127946,
      "3.5": 61.95286195286195,
      "4.5": 46.127946127946124,
      "5.5": 25.925925925925927
    },
    "dom_60": 70.03367003367003,
    "dom_67": 47.138047138047135,
    "dom_75": 31.986531986531986
  },
  "J1": {
    "n": 129,
    "media_ft": 9.69767441860465,
    "std_ft": 3.2745309177355546,
    "min_ft": 2,
    "max_ft": 19,
    "media_ht": 4.255813953488372,
    "over_pcts": {
      "6.5": 85.27131782945736,
      "7.5": 75.1937984496124,
      "8.5": 59.689922480620154,
      "9.5": 48.06201550387597,
      "10.5": 34.10852713178294,
      "11.5": 26.356589147286822,
      "12.5": 19.37984496124031
    },
    "under_pcts": {
      "6.5": 14.728682170542635,
      "7.5": 24.8062015503876,
      "8.5": 40.310077519379846,
      "9.5": 51.93798449612403,
      "10.5": 65.89147286821705,
      "11.5": 73.64341085271317,
      "12.5": 80.62015503875969
    },
    "over_ht_pcts": {
      "2.5": 79.84496124031008,
      "3.5": 56.58914728682171,
      "4.5": 43.41085271317829,
      "5.5": 25.58139534883721
    },
    "dom_60": 65.89147286821705,
    "dom_67": 41.08527131782946,
    "dom_75": 27.906976744186046
  },
  "J2_J3": {
    "n": 319,
    "media_ft": 9.880877742946709,
    "std_ft": 3.0867668582338466,
    "min_ft": 2,
    "max_ft": 17,
    "media_ht": 4.539184952978056,
    "over_pcts": {
      "6.5": 87.46081504702194,
      "7.5": 79.9373040752351,
      "8.5": 67.08463949843261,
      "9.5": 50.470219435736674,
      "10.5": 38.557993730407524,
      "11.5": 29.780564263322884,
      "12.5": 19.122257053291538
    },
    "under_pcts": {
      "6.5": 12.539184952978056,
      "7.5": 20.062695924764892,